title,author,content,url,date
Заголовок з Rust (High Performance),Boby Author,Це автоматично створений контент через Selenium та Rust.,https://telegra.ph/Zagolovok-z-Rust-High-Performance-03-28,2026-03-28 21:49:18
Заголовок з Rust (High Performance),Boby Author,Це автоматично створений контент через Selenium та Rust.,https://telegra.ph/Zagolovok-z-Rust-High-Performance-03-28-2,2026-03-28 21:50:06
Заголовок з по новий,Boby Author,Це автоматично створений контент через Selenium та Rust.,https://telegra.ph/Zagolovok-z-po-novij-03-28,2026-03-28 21:50:40
,Заголовок з по новий ddd,Boby Authora,Це автоматично створений контент через Selenium та Rust.,https://telegra.ph/Zagolovok-z-po-novij-ddd-03-28,2026-03-28T21:21:19.176511058Z
Заголовок з по новий ddd,Boby Authora,Це автоматично створений контент через Selenium та Rust.,https://telegra.ph/Zagolovok-z-po-novij-ddd-03-28-2,2026-03-28T21:22:11.047200717Z
Заголовок з по новий ddd,Boby Authora,Це автоматично створений контент через Selenium та Rust.,https://telegra.ph/Zagolovok-z-po-novij-ddd-03-28-3,2026-03-28T21:28:07.511812559Z
Заголовок з по новий ddd,Boby Authora,Це автоматично створений контент через Selenium та Rust.,https://telegra.ph/Zagolovok-z-po-novij-ddd-03-28-4,2026-03-28T21:28:12.423332387Z
Заголовок з по новий ddd,Boby Authora,Це автоматично створений контент через Selenium та Rust.,https://telegra.ph/Zagolovok-z-po-novij-ddd-03-28-5,2026-03-28T21:35:17.635179106Z
Заголовок з по новий ddd,Boby Authora,Це автоматично створений контент через Selenium та Rust.,https://telegra.ph/Zagolovok-z-po-novij-ddd-03-28-6,2026-03-28T21:35:22.469401032Z
Заголовок з по новий ddd,Boby Authora,Це автоматично створений контент через Selenium та Rust.,https://telegra.ph/Zagolovok-z-po-novij-ddd-03-28-7,2026-03-28T21:35:27.251628302Z
Заголовок з по новий ddd,Boby Authora,Це автоматично створений контент через Selenium та Rust.,https://telegra.ph/Zagolovok-z-po-novij-ddd-03-28-8,2026-03-28T21:35:31.986773499Z
Заголовок з по новий ddd,Boby Authora,Це автоматично створений контент через Selenium та Rust.,https://telegra.ph/Zagolovok-z-po-novij-ddd-03-28-9,2026-03-28T21:44:52.372387589Z
Заголовок з по новий ddd,Boby Authora,Це автоматично створений контент через Selenium та Rust.,https://telegra.ph/Zagolovok-z-po-novij-ddd-03-28-10,2026-03-28T21:44:57.175495918Z
Заголовок з по новий ddd,Boby Authora,Це автоматично створений контент через Selenium та Rust.,https://telegra.ph/Zagolovok-z-po-novij-ddd-03-28-11,2026-03-28T21:45:02.167648459Z
Заголовок з по новий ddd,Boby Authora,Це автоматично створений контент через Selenium та Rust.,https://telegra.ph/Zagolovok-z-po-novij-ddd-03-28-12,2026-03-28T21:45:07.009907316Z
Заголовок з по новий ddd,Boby Authora,Це автоматично створений контент через Selenium та Rust.,https://telegra.ph/Zagolovok-z-po-novij-ddd-03-28-13,2026-03-28T21:45:11.926420388Z
Заголовок з по новий ddd,Boby Authora,Це автоматично створений контент через Selenium та Rust.,https://telegra.ph/Zagolovok-z-po-novij-ddd-03-28-14,2026-03-28T21:45:16.723250337Z
Заголовок з по новий ddd,Boby Authora,Це автоматично створений контент через Selenium та Rust.,https://telegra.ph/Zagolovok-z-po-novij-ddd-03-28-15,2026-03-28T21:45:21.538975458Z
Заголовок з по новий ddd,Boby Authora,Це автоматично створений контент через Selenium та Rust.,https://telegra.ph/Zagolovok-z-po-novij-ddd-03-28-16,2026-03-28T21:45:26.886628485Z
